3079	F	nivedita
307	M	Randy Phillips
3082	M	Logan McCamon
3088	M	Sean O'Hara
3090	F	kelcymx
3094	F	moe
3097	M	nitram
3098	M	woggy298
30	F	Annie Coleman Rothenberg
3100	M	David Higham
3105	M	gfairch511
3109	M	Diogenes Dog
310	F	Dexnell Peters
3112	F	Jessica Louise
3114	M	Geoffrey Edwards
3118	M	George Yeager
3119	F	Sharon Riskedahl
311	M	deadwhitemales
3125	F	Fran
3132	M	Andy Yu
3135	M	Steve Foreman
3137	M	Parrot
3138	F	Labyrinth Composer
313	F	Dilini Jayasinghe
3142	M	RogerA
3143	F	suzanne
3144	M	jfmarchini
3148	M	artos
3157	F	TriciaG
3168	M	David Anton
3172	F	Beatrice
3179	F	Robin
317	M	Mike Gardom
3180	M	Mike Conrad
3192	M	Arfuhrm
3196	F	Elizabeth Harker
319	M	Ed Good
31	M	Martin Clifton
3214	M	fourteatoo
3215	F	Shirley Ellen
3224	F	Acacia Wood
3227	F	Betina
322	F	Elisabeth Shields
3230	M	rasputin
3235	F	Karen Commins
3238	M	nihilist00
3240	M	flakker
3242	M	peac
3244	F	wilwarin
3245	F	wendy
3257	M	Jay Vance
3258	F	mwalimu
3259	F	Kate West
3261	M	fourgrays
3268	M	Patrick McHaffie
3271	M	Ancient mariner
3272	M	Matthew_J_Almeida
3274	M	Morgan Saletta
3285	M	David Collins
3288	M	Euan Bayliss
3289	M	lukeprog
3290	F	Marian Martin
32	F	Betsie Bush
3307	M	Doug Allison
3314	F	Carol Stripling
3318	F	Magdalena
3319	F	mjbrichant
331	M	Richard Grove
332	M	Aaron Teiser
3334	F	joi
3340	M	Preston McConkie
3346	F	Hannah Dowell
3356	F	Diana Solomon
3357	F	swade
335	M	Paul Harvey
3361	F	Linda Lee Paquet
336	M	Harvey Chinn
3370	M	Glenn Simonsen
3373	M	cvd
3374	M	Craig Campbell
